{
   "rigid_body" :{
      "dimension": 2,
      "mass": 555.55,
      "I0": [[3]],
      "dt":0.1
   },
   "initial_condition":
   {
   },
   "ref_condition":
{
   "R" :
   [
      [
         0.081501125768728422,
         0.99667324961515491
      ],
      [
         -0.99667324961515491,
         0.081501125768728422
      ]
   ],
   "t" : 52.696176743781933,
   "theta" :
   [
      0.0
   ],
   "v" :
   [
      1.8000180001799491,
      3.6000360003598981
   ],
   "w" :
   [
      17.565392247926802
   ],
   "x" :
   [
      35.679912373894581,
      71.359824747789162
   ]
}

}
