{
   "rigid_body" :{
      "dimension": 2,
      "mass": 555.55,
      "I0": [[3]],
      "dt":0.1
   },
   "initial_condition":
   {
   },
   "ref_condition":
   {
      "x" : [0, 0.0900009],
      "v" : [0, 0.0180002],
      "R" : [[0.0926547, -0.995698],
             [0.995698, 0.0926547]],
      "w" : [2.22222]
   }
}
