{
   "rigid_body":{
   "dimension": 3,
   "mass": 555.55,
   "I0": [[3, 1, 0],
          [1, 4, 2],
          [0, 2, 5]],
   "dt" : 0.1
    },
   "initial_condition":{
      "x": [0,0,0],
      "v": [0,0,0],
      "w": [0,0,0],
      "angles_deg": [60, 10, 10]
   },
   "ref_condition": {
   "R" :
   [
      [
         -0.66538211901384592,
         -0.37080891399026028,
         0.6478945786175454
      ],
      [
         0.73562903084800946,
         -0.17810250932824934,
         0.65355139441714794
      ],
      [
         -0.12695103256869084,
         0.91147147266184003,
         0.39128402708697102
      ]
   ],
   "t" : 40.292876263467278,
   "theta" :
   [
      0.0,
      0.0,
      0.0
   ],
   "v" :
   [
      1.8000180001799491,
      3.6000360003598981,
      5.4000540005399253
   ],
   "w" :
   [
      9.0150159257345699,
      14.767696901485966,
      16.023402114893095
   ],
   "x" :
   [
      26.099842773767033,
      52.199685547534067,
      78.299528321301509
   ]
   }

}
