{
   "rigid_body" :{
   "dimension": 3,
   "mass": 55.55,
   "Ct": [[2, 1, 0],
          [1, 2, 1],
          [0, 1, 2]],
   "Kt": [[31, 1, 0],
          [1, 31, 1],
          [0, 1, 13]],
   "I0": [[13, 1, 0],
          [1, 13, 1],
          [0, 1, 23]],
   "Cr": [[3, 1, 0],
          [1, 3, 1],
          [0, 1, 3]],
   "Kr": [[3, 1, 0],
          [1, 3, 1],
          [0, 1, 3]],
   "dt":0.5
   },
   "ref_condition" :
   {
   "R" :
   [
      [
         0.010110782370797704,
         -0.94087606446797889,
         0.33860006407425769
      ],
      [
         0.95580045101476696,
         0.10859863078229337,
         0.27322488033152015
      ],
      [
         -0.29384225346231552,
         0.32087157665248833,
         0.90038778388910079
      ]
   ],
   "t" : 500.0,
   "theta" :
   [
      0.0,
      0.0,
      0.0
   ],
   "v" :
   [
      0.00021897243106263833,
      -0.00021967203087807155,
      4.3640437931202758e-05
   ],
   "w" :
   [
      0.23809523809579067,
      0.28571428571334634,
      0.9047619047620582
   ],
   "x" :
   [
      0.061123209910096871,
      0.11223618639851261,
      0.45284046705179104
   ]
   }
}
