{
   "rigid_body" :{
   "dimension": 3,
   "mass": 555.55,
   "I0": [[3, 1, 0],
          [1, 4, 2],
          [0, 2, 5]],
   "dt":0.5
    },
   "initial_condition":
   {
      "x": [0,0,0],
      "v": [0,0,0],
      "w": [0,0,0],
      "radians": [1.2, 0.1, 0.1]
   },
   "ref_condition" :
   {
   "R" :
   [
      [
         -0.59550597726085264,
         -0.17806553220958807,
         0.78336791948963647
      ],
      [
         0.80229226740359916,
         -0.081778555420842905,
         0.59130312491790538
      ],
      [
         -0.041228008816803691,
         0.98061456960021387,
         0.19156021814772556
      ]
   ],
   "t" : 41.551853260675038,
   "theta" :
   [
      0.0,
      0.0,
      0.0
   ],
   "v" :
   [
      1.8000180001799491,
      3.6000360003598981,
      5.4000540005399253
   ],
   "w" :
   [
      3.7653408831059778,
      11.384004952070242,
      20.681103529685277
   ],
   "x" :
   [
      25.057148385151173,
      50.114296770302346,
      75.171445155454137
   ]
   }

}
